Domain,Date,Subdomains
google.fr,2025-04-24 06:35:32,shopping.google.fr
google.fr,2025-04-24 06:35:32,scholar.google.fr
google.fr,2025-04-24 06:35:32,ients6.google.fr
google.fr,2025-04-24 06:35:32,toolbarqueries.google.fr
google.fr,2025-04-24 06:35:32,apps.google.fr
google.fr,2025-04-24 06:35:32,gg.google.fr
google.fr,2025-04-24 06:35:32,www.google.fr
google.fr,2025-04-24 06:35:32,local.google.fr
google.fr,2025-04-24 06:35:32,bks9.books.google.fr
google.fr,2025-04-24 06:35:32,picasaweb.google.fr
google.fr,2025-04-24 06:35:32,alt1.aspmx.l.google.fr
google.fr,2025-04-24 06:35:32,_sipfederationtls._tcp.google.fr
google.fr,2025-04-24 06:35:32,ampcid.google.fr
google.fr,2025-04-24 06:35:32,id.google.fr
google.fr,2025-04-24 06:35:32,map.google.fr
google.fr,2025-04-24 06:35:32,desktop.google.fr
google.fr,2025-04-24 06:35:32,blogsearch.google.fr
google.fr,2025-04-24 06:35:32,khms0.google.fr
google.fr,2025-04-24 06:35:32,chrome.google.fr
google.fr,2025-04-24 06:35:32,sandbox.google.fr
google.fr,2025-04-24 06:35:32,privacy.google.fr
google.fr,2025-04-24 06:35:32,groups.google.fr
google.fr,2025-04-24 06:35:32,mobile.google.fr
google.fr,2025-04-24 06:35:32,images.google.fr
google.fr,2025-04-24 06:35:32,earth.google.fr
google.fr,2025-04-24 06:35:32,accounts.google.fr
google.fr,2025-04-24 06:35:32,toolbar.google.fr
google.fr,2025-04-24 06:35:32,news.google.fr
google.fr,2025-04-24 06:35:32,clients6.google.fr
google.fr,2025-04-24 06:35:32,ww.google.fr
google.fr,2025-04-24 06:35:32,clients1.google.fr
google.fr,2025-04-24 06:35:32,adssettings.google.fr
google.fr,2025-04-24 06:35:32,workspace.google.fr
google.fr,2025-04-24 06:35:32,ogs.google.fr
google.fr,2025-04-24 06:35:32,enterprise.google.fr
google.fr,2025-04-24 06:35:32,google.fr
google.fr,2025-04-24 06:35:32,assistant.google.fr
google.fr,2025-04-24 06:35:32,maps.google.fr
google.fr,2025-04-24 06:35:32,photo.google.fr
google.fr,2025-04-24 06:35:32,consent.google.fr
google.fr,2025-04-24 06:35:32,trends.google.fr
google.fr,2025-04-24 06:35:32,video.google.fr
google.fr,2025-04-24 06:35:32,bks7.books.google.fr
google.fr,2025-04-24 06:35:32,profiles.google.fr
google.fr,2025-04-24 06:35:32,headvideo.google.fr
google.fr,2025-04-24 06:35:32,translate.google.fr
google.fr,2025-04-24 06:35:32,www.trends.google.fr
google.fr,2025-04-24 06:35:32,www.adwords.google.fr
google.fr,2025-04-24 06:35:32,store.google.fr
google.fr,2025-04-24 06:35:32,www2.sandbox.google.fr
google.fr,2025-04-24 06:35:32,archive.google.fr
google.fr,2025-04-24 06:35:32,www.blogsearch.google.fr
google.fr,2025-04-24 06:35:32,adservice.google.fr
google.fr,2025-04-24 06:35:32,cse.google.fr
google.fr,2025-04-24 06:35:32,adwords.google.fr
google.fr,2025-04-24 06:35:32,cctldtest.google.fr
google.fr,2025-04-24 06:35:32,save-pa.clients6.google.fr
google.fr,2025-04-24 06:35:32,get.google.fr
google.fr,2025-04-24 06:35:32,250aadservice.google.fr
google.fr,2025-04-24 06:35:32,play.google.fr
google.fr,2025-04-24 06:35:32,startup.google.fr
google.fr,2025-04-24 06:35:32,flight.google.fr
google.fr,2025-04-24 06:35:32,m.google.fr
google.fr,2025-04-24 06:35:32,gsuite.google.fr
google.fr,2025-04-24 06:35:32,picasa.google.fr
google.fr,2025-04-24 06:35:32,books.google.fr
google.fr,2025-04-24 06:35:32,bks5.books.google.fr
